{"cameraMode":{"drawMode":0,"name":"Shaded","section":"Shading Mode"},"sceneLighting":true,"audioPlay":false,"sceneViewState":{"showFog":true,"showMaterialUpdate":false,"showSkybox":true,"showFlares":true,"showImageEffects":true,"showParticleSystems":true},"in2DMode":false,"pivot":{"x":3.4349608421325685,"y":4.873827934265137,"z":10.776690483093262},"rotation":{"x":0.184415802359581,"y":-0.4879494905471802,"z":0.1063009575009346,"w":0.8465221524238586},"size":28.161758422851564,"orthographic":true}