{"cameraMode":{"drawMode":0,"name":"Shaded","section":"Shading Mode"},"sceneLighting":true,"audioPlay":false,"sceneViewState":{"showFog":true,"showMaterialUpdate":false,"showSkybox":true,"showFlares":true,"showImageEffects":true,"showParticleSystems":true},"in2DMode":false,"pivot":{"x":1.8756511211395264,"y":4.01914119720459,"z":7.7379021644592289},"rotation":{"x":0.184415802359581,"y":-0.4879494905471802,"z":0.1063009575009346,"w":0.8465221524238586},"size":20.694061279296876,"orthographic":true}