{"cameraMode":{"drawMode":0,"name":"Shaded","section":"Shading Mode"},"sceneLighting":false,"audioPlay":false,"sceneViewState":{"showFog":true,"showMaterialUpdate":false,"showSkybox":false,"showFlares":true,"showImageEffects":true,"showParticleSystems":true},"in2DMode":false,"pivot":{"x":0.35686439275741579,"y":5.767849445343018,"z":19.930587768554689},"rotation":{"x":0.20237533748149873,"y":-0.7687513828277588,"z":0.2927858531475067,"w":0.5313608646392822},"size":2.4405431747436525,"orthographic":false}