{"cameraMode":{"drawMode":0,"name":"Shaded","section":"Shading Mode"},"sceneLighting":false,"audioPlay":false,"sceneViewState":{"showFog":true,"showMaterialUpdate":false,"showSkybox":false,"showFlares":true,"showImageEffects":true,"showParticleSystems":true},"in2DMode":false,"pivot":{"x":-3.569774866104126,"y":3.7865676879882814,"z":9.623411178588868},"rotation":{"x":0.11112548410892487,"y":-0.884474515914917,"z":0.2701123356819153,"w":0.36387431621551516},"size":17.12213897705078,"orthographic":false}