{"cameraMode":{"drawMode":0,"name":"Shaded","section":"Shading Mode"},"sceneLighting":true,"audioPlay":false,"sceneViewState":{"showFog":true,"showMaterialUpdate":false,"showSkybox":true,"showFlares":true,"showImageEffects":true,"showParticleSystems":true},"in2DMode":false,"pivot":{"x":6.134358882904053,"y":7.551172256469727,"z":-2.7722890377044679},"rotation":{"x":-0.14684878289699555,"y":0.3226255774497986,"z":-0.050741877406835559,"w":-0.933690071105957},"size":27.0797176361084,"orthographic":true}