{"cameraMode":{"drawMode":0,"name":"Shaded","section":"Shading Mode"},"sceneLighting":true,"audioPlay":false,"sceneViewState":{"showFog":true,"showMaterialUpdate":false,"showSkybox":true,"showFlares":true,"showImageEffects":true,"showParticleSystems":true},"in2DMode":false,"pivot":{"x":7.475234031677246,"y":7.835946083068848,"z":-0.3997109532356262},"rotation":{"x":-0.1296079009771347,"y":0.42483705282211306,"z":-0.061602864414453509,"w":-0.8938252925872803},"size":26.109466552734376,"orthographic":true}